	name	height	age	bmi
0	Elon	1.67	21	7.529850478683352
1	Jeff	1.9	43	11.911357340720222
2	Steve	0.25	70	1120.0
